2,1,hahahahaha
2,2,hohohohohoho
2,3,kndslndklsfndklsn
2,4,dsknfldksfldksfs
2,5,dmfmsdfkmsd;
2,6,dksnflsnflkds
2,1,hahahahaha
2,2,hohohohohoho
2,3,kndslndklsfndklsn
2,4,dsknfldksfldksfs
2,5,dmfmsdfkmsd;
2,6,dksnflsnflkds
2,1,hahahahaha
2,2,hohohohohoho
2,3,kndslndklsfndklsn
2,4,dsknfldksfldksfs
2,5,dmfmsdfkmsd;
2,6,dksnflsnflkds
2,1,hahahahaha
2,2,hohohohohoho
2,3,kndslndklsfndklsn
2,4,dsknfldksfldksfs
2,5,dmfmsdfkmsd;
2,6,dksnflsnflkds
2,1,hahahahaha
2,2,hohohohohoho
2,3,kndslndklsfndklsn
2,4,dsknfldksfldksfs
2,5,dmfmsdfkmsd;
2,6,dksnflsnflkds
2,1,hahahahaha
2,2,hohohohohoho
2,3,kndslndklsfndklsn
2,4,dsknfldksfldksfs
2,5,dmfmsdfkmsd;
2,6,dksnflsnflkds
2,1,hahahahaha
2,2,hohohohohoho
2,3,kndslndklsfndklsn
2,4,dsknfldksfldksfs
2,5,dmfmsdfkmsd;
2,6,dksnflsnflkds
2,1,hahahahaha
2,2,hohohohohoho
2,3,kndslndklsfndklsn
2,4,dsknfldksfldksfs
2,5,dmfmsdfkmsd;
2,6,dksnflsnflkds
2,1,hahahahaha
2,2,hohohohohoho
2,3,kndslndklsfndklsn
2,4,dsknfldksfldksfs
2,5,dmfmsdfkmsd;
2,6,dksnflsnflkds
2,1,hahahahaha
2,2,hohohohohoho
2,3,kndslndklsfndklsn
2,4,dsknfldksfldksfs
2,5,dmfmsdfkmsd;
2,6,dksnflsnflkds
2,1,hahahahaha
2,2,hohohohohoho
2,3,kndslndklsfndklsn
2,4,dsknfldksfldksfs
2,5,dmfmsdfkmsd;
2,6,dksnflsnflkds
2,1,hahahahaha
2,2,hohohohohoho
2,3,kndslndklsfndklsn
2,4,dsknfldksfldksfs
2,5,dmfmsdfkmsd;
2,6,dksnflsnflkds
2,1,hahahahaha
2,2,hohohohohoho
2,3,kndslndklsfndklsn
2,4,dsknfldksfldksfs
2,5,dmfmsdfkmsd;
2,6,dksnflsnflkds
2,1,hahahahaha
2,2,hohohohohoho
2,3,kndslndklsfndklsn
2,4,dsknfldksfldksfs
2,5,dmfmsdfkmsd;
2,6,dksnflsnflkds
2,1,hahahahaha
2,2,hohohohohoho
2,3,kndslndklsfndklsn
2,4,dsknfldksfldksfs
2,5,dmfmsdfkmsd;
2,6,dksnflsnflkds
2,1,hahahahaha
2,2,hohohohohoho
2,3,kndslndklsfndklsn
2,4,dsknfldksfldksfs
2,5,dmfmsdfkmsd;
2,6,dksnflsnflkds
2,1,hahahahaha
2,2,hohohohohoho
2,3,kndslndklsfndklsn
2,4,dsknfldksfldksfs
2,5,dmfmsdfkmsd;
2,6,dksnflsnflkds